<?xml version="1.0" encoding="UTF-8" standalone="yes"?>
<groupHaul xmlns:a="http://www.appian.com/ae/types/2009">
    <versionUuid>cd3906fc-e964-4896-9380-0d405ed0f672</versionUuid>
    <group>
        <name>XRPS Administrators</name>
        <securityMap>SECURITYMAP_TEAM</securityMap>
        <uuid>cd3906fc-e964-4896-9380-0d405ed0f672</uuid>
        <groupTypeUuid>SYSTEM_GROUP_TYPE_CUSTOM</groupTypeUuid>
        <description>Assigns Administrator permissions to users for objects in the application</description>
        <delegatedCreation>false</delegatedCreation>
        <memberPolicy>MEMBERPOLICY_CLOSED</memberPolicy>
        <viewingPolicy>VIEWINGPOLICY_LOW</viewingPolicy>
        <attributes/>
    </group>
    <members>
        <users/>
        <groups/>
    </members>
    <admins>
        <users/>
        <groups>
            <groupUuid>cd3906fc-e964-4896-9380-0d405ed0f672</groupUuid>
        </groups>
    </admins>
    <ruleSet/>
    <history>
        <historyInfo versionUuid="cd3906fc-e964-4896-9380-0d405ed0f672"/>
    </history>
</groupHaul>
