<?xml version="1.0" encoding="UTF-8" standalone="yes"?>
<applicationHaul xmlns:a="http://www.appian.com/ae/types/2009">
    <versionUuid>_a-0000e9aa-6069-8000-9c0d-011c48011c48_3625388</versionUuid>
    <application>
        <name>Xavier Rock Paper Scissors </name>
        <uuid>84a9c7dd-79cd-4e41-bdd2-6fddc6a1790e</uuid>
        <description>Rock Paper Scissors Game</description>
        <parentUuid>SYSTEM_APPLICATIONS_ROOT</parentUuid>
        <visibility>
            <advertise>false</advertise>
            <hierarchy>true</hierarchy>
            <indexable>true</indexable>
            <quota>false</quota>
            <searchable>true</searchable>
            <system>false</system>
            <unlogged>false</unlogged>
        </visibility>
        <urlIdentifier>YDPVdA</urlIdentifier>
        <published>false</published>
        <public>false</public>
        <prefix>XRPS</prefix>
        <associatedObjects>
            <globalIdMap>
                <item>
                    <type>datatype</type>
                    <uuids/>
                </item>
                <item>
                    <type>dataStore</type>
                    <uuids/>
                </item>
                <item>
                    <type>user</type>
                    <uuids/>
                </item>
                <item>
                    <type>groupType</type>
                    <uuids/>
                </item>
                <item>
                    <type>group</type>
                    <uuids>
                        <uuid>cd3906fc-e964-4896-9380-0d405ed0f672</uuid>
                        <uuid>35e45a39-b19d-4992-8d42-4b2e0325720c</uuid>
                    </uuids>
                </item>
                <item>
                    <type>content</type>
                    <uuids>
                        <uuid>7586e5f5-5c3f-4f74-a490-e9d40b549870</uuid>
                        <uuid>75d36fb7-996c-442c-8fbb-837c6099695b</uuid>
                        <uuid>96bdc577-8db0-4db5-b7c3-199de9cb90a3</uuid>
                        <uuid>0708695c-5f14-4c90-af18-31c19ef89f85</uuid>
                        <uuid>_a-0000e98e-6e56-8000-9c0b-011c48011c48_3547577</uuid>
                        <uuid>_a-0000e98e-6e56-8000-9c0b-011c48011c48_3547583</uuid>
                        <uuid>9c236011-01ca-4ce9-ba85-8ae272177bbd</uuid>
                        <uuid>_a-0000e98e-6e56-8000-9c0b-011c48011c48_3547628</uuid>
                        <uuid>_a-0000e98e-6e56-8000-9c0b-011c48011c48_3547634</uuid>
                        <uuid>b2b3d363-4613-4709-941b-5e6fe1d8c2a3</uuid>
                        <uuid>_a-0000e98e-6e56-8000-9c0b-011c48011c48_3547652</uuid>
                        <uuid>_a-0000e98e-6e56-8000-9c0b-011c48011c48_3547658</uuid>
                        <uuid>_a-0000e98e-6e56-8000-9c0b-011c48011c48_3547670</uuid>
                        <uuid>_a-0000e98e-6e56-8000-9c0b-011c48011c48_3547676</uuid>
                        <uuid>_a-0000e98e-6e56-8000-9c0b-011c48011c48_3547688</uuid>
                        <uuid>_a-0000e98e-6e56-8000-9c0b-011c48011c48_3547694</uuid>
                        <uuid>_a-0000e98e-6e56-8000-9c0b-011c48011c48_3547712</uuid>
                        <uuid>_a-0000e98e-6e56-8000-9c0b-011c48011c48_3547725</uuid>
                        <uuid>_a-0000e98e-6e56-8000-9c0b-011c48011c48_3547731</uuid>
                        <uuid>_a-0000e98e-6e56-8000-9c0b-011c48011c48_3547743</uuid>
                        <uuid>_a-0000e98e-6e56-8000-9c0b-011c48011c48_3547749</uuid>
                        <uuid>_a-0000e98e-6e56-8000-9c0b-011c48011c48_3547761</uuid>
                        <uuid>_a-0000e98e-6e56-8000-9c0b-011c48011c48_3547767</uuid>
                        <uuid>cc476bcf-35b2-4ca7-90cd-c9a8ca37d12f</uuid>
                        <uuid>_a-0000e98e-6e56-8000-9c0b-011c48011c48_3547828</uuid>
                        <uuid>_a-0000e98e-6e56-8000-9c0b-011c48011c48_3547834</uuid>
                        <uuid>_a-0000e98e-6e56-8000-9c0b-011c48011c48_3547856</uuid>
                        <uuid>_a-0000e98e-6e56-8000-9c0b-011c48011c48_3547862</uuid>
                        <uuid>_a-0000e98e-6e56-8000-9c0b-011c48011c48_3547874</uuid>
                        <uuid>_a-0000e98e-6e56-8000-9c0b-011c48011c48_3547880</uuid>
                        <uuid>_a-0000e98e-6e56-8000-9c0b-011c48011c48_3547892</uuid>
                        <uuid>_a-0000e98e-6e56-8000-9c0b-011c48011c48_3547898</uuid>
                        <uuid>_a-0000e98e-6e56-8000-9c0b-011c48011c48_3547910</uuid>
                        <uuid>_a-0000e98e-6e56-8000-9c0b-011c48011c48_3547916</uuid>
                        <uuid>_a-0000e98e-6e56-8000-9c0b-011c48011c48_3547928</uuid>
                        <uuid>_a-0000e98e-6e56-8000-9c0b-011c48011c48_3547934</uuid>
                        <uuid>_a-0000e98e-6e56-8000-9c0b-011c48011c48_3547946</uuid>
                        <uuid>_a-0000e98e-6e56-8000-9c0b-011c48011c48_3547952</uuid>
                        <uuid>_a-0000e98e-6e56-8000-9c0b-011c48011c48_3548063</uuid>
                        <uuid>_a-0000e98e-6e56-8000-9c0b-011c48011c48_3548069</uuid>
                        <uuid>_a-0000e98e-6e56-8000-9c0b-011c48011c48_3548099</uuid>
                        <uuid>_a-0000e98e-6e56-8000-9c0b-011c48011c48_3548105</uuid>
                        <uuid>_a-0000e98e-6e56-8000-9c0b-011c48011c48_3548136</uuid>
                        <uuid>_a-0000e98e-6e56-8000-9c0b-011c48011c48_3548142</uuid>
                        <uuid>_a-0000e98e-6e56-8000-9c0b-011c48011c48_3548195</uuid>
                        <uuid>_a-0000e98e-6e56-8000-9c0b-011c48011c48_3548201</uuid>
                        <uuid>_a-0000e98e-6e56-8000-9c0b-011c48011c48_3548235</uuid>
                        <uuid>_a-0000e98e-6e56-8000-9c0b-011c48011c48_3548241</uuid>
                        <uuid>_a-0000e98e-6e56-8000-9c0b-011c48011c48_3548276</uuid>
                        <uuid>_a-0000e98e-6e56-8000-9c0b-011c48011c48_3548282</uuid>
                        <uuid>_a-0000e98e-6e56-8000-9c0b-011c48011c48_3548318</uuid>
                        <uuid>_a-0000e98e-6e56-8000-9c0b-011c48011c48_3548324</uuid>
                        <uuid>_a-0000e98e-6e56-8000-9c0b-011c48011c48_3548414</uuid>
                        <uuid>_a-0000e98e-6e56-8000-9c0b-011c48011c48_3548420</uuid>
                        <uuid>_a-0000e9aa-6069-8000-9c0d-011c48011c48_3625383</uuid>
                    </uuids>
                </item>
                <item>
                    <type>forum</type>
                    <uuids/>
                </item>
                <item>
                    <type>processModelFolder</type>
                    <uuids>
                        <uuid>39acd538-aed1-4857-a18a-52cec8033af5</uuid>
                    </uuids>
                </item>
                <item>
                    <type>processModel</type>
                    <uuids/>
                </item>
                <item>
                    <type>portlet</type>
                    <uuids/>
                </item>
                <item>
                    <type>page</type>
                    <uuids/>
                </item>
                <item>
                    <type>application</type>
                    <uuids/>
                </item>
                <item>
                    <type>tempoFeed</type>
                    <uuids/>
                </item>
                <item>
                    <type>recordType</type>
                    <uuids/>
                </item>
                <item>
                    <type>recordField</type>
                    <uuids/>
                </item>
                <item>
                    <type>recordRelationship</type>
                    <uuids/>
                </item>
                <item>
                    <type>tempoReport</type>
                    <uuids/>
                </item>
                <item>
                    <type>taskReport</type>
                    <uuids/>
                </item>
                <item>
                    <type>webApi</type>
                    <uuids/>
                </item>
                <item>
                    <type>site</type>
                    <uuids>
                        <uuid>d7c69c30-a96e-4235-a335-b96862170273</uuid>
                    </uuids>
                </item>
                <item>
                    <type>adminSetting</type>
                    <uuids/>
                </item>
                <item>
                    <type>thirdPartyCredentials</type>
                    <uuids/>
                </item>
                <item>
                    <type>dataSource</type>
                    <uuids/>
                </item>
                <item>
                    <type>embeddedSailTheme</type>
                    <uuids/>
                </item>
                <item>
                    <type>connectedSystem</type>
                    <uuids/>
                </item>
                <item>
                    <type>pluginInfo</type>
                    <uuids/>
                </item>
                <item>
                    <type>featureFlag</type>
                    <uuids/>
                </item>
                <item>
                    <type>designObjectReferenceImplementation</type>
                    <uuids/>
                </item>
                <item>
                    <type>aiSkill</type>
                    <uuids/>
                </item>
                <item>
                    <type>roboticTaskDesignObject</type>
                    <uuids/>
                </item>
                <item>
                    <type>robotPoolDesignObject</type>
                    <uuids/>
                </item>
                <item>
                    <type>portal</type>
                    <uuids/>
                </item>
                <item>
                    <type>translationSet</type>
                    <uuids/>
                </item>
                <item>
                    <type>translationString</type>
                    <uuids/>
                </item>
                <item>
                    <type>translationVariable</type>
                    <uuids/>
                </item>
                <item>
                    <type>controlPanel</type>
                    <uuids/>
                </item>
                <item>
                    <type>controlPanelTierItem</type>
                    <uuids/>
                </item>
                <item>
                    <type>messageExecutor</type>
                    <uuids/>
                </item>
            </globalIdMap>
        </associatedObjects>
        <applicationNavigation/>
        <applicationActions/>
        <associatedApplications>
            <globalIdMap>
                <item>
                    <type>datatype</type>
                    <uuids/>
                </item>
                <item>
                    <type>dataStore</type>
                    <uuids/>
                </item>
                <item>
                    <type>user</type>
                    <uuids/>
                </item>
                <item>
                    <type>groupType</type>
                    <uuids/>
                </item>
                <item>
                    <type>group</type>
                    <uuids/>
                </item>
                <item>
                    <type>content</type>
                    <uuids/>
                </item>
                <item>
                    <type>forum</type>
                    <uuids/>
                </item>
                <item>
                    <type>processModelFolder</type>
                    <uuids/>
                </item>
                <item>
                    <type>processModel</type>
                    <uuids/>
                </item>
                <item>
                    <type>portlet</type>
                    <uuids/>
                </item>
                <item>
                    <type>page</type>
                    <uuids/>
                </item>
                <item>
                    <type>application</type>
                    <uuids/>
                </item>
                <item>
                    <type>tempoFeed</type>
                    <uuids/>
                </item>
                <item>
                    <type>recordType</type>
                    <uuids/>
                </item>
                <item>
                    <type>recordField</type>
                    <uuids/>
                </item>
                <item>
                    <type>recordRelationship</type>
                    <uuids/>
                </item>
                <item>
                    <type>tempoReport</type>
                    <uuids/>
                </item>
                <item>
                    <type>taskReport</type>
                    <uuids/>
                </item>
                <item>
                    <type>webApi</type>
                    <uuids/>
                </item>
                <item>
                    <type>site</type>
                    <uuids/>
                </item>
                <item>
                    <type>adminSetting</type>
                    <uuids/>
                </item>
                <item>
                    <type>thirdPartyCredentials</type>
                    <uuids/>
                </item>
                <item>
                    <type>dataSource</type>
                    <uuids/>
                </item>
                <item>
                    <type>embeddedSailTheme</type>
                    <uuids/>
                </item>
                <item>
                    <type>connectedSystem</type>
                    <uuids/>
                </item>
                <item>
                    <type>pluginInfo</type>
                    <uuids/>
                </item>
                <item>
                    <type>featureFlag</type>
                    <uuids/>
                </item>
                <item>
                    <type>designObjectReferenceImplementation</type>
                    <uuids/>
                </item>
                <item>
                    <type>aiSkill</type>
                    <uuids/>
                </item>
                <item>
                    <type>roboticTaskDesignObject</type>
                    <uuids/>
                </item>
                <item>
                    <type>robotPoolDesignObject</type>
                    <uuids/>
                </item>
                <item>
                    <type>portal</type>
                    <uuids/>
                </item>
                <item>
                    <type>translationSet</type>
                    <uuids/>
                </item>
                <item>
                    <type>translationString</type>
                    <uuids/>
                </item>
                <item>
                    <type>translationVariable</type>
                    <uuids/>
                </item>
                <item>
                    <type>controlPanel</type>
                    <uuids/>
                </item>
                <item>
                    <type>controlPanelTierItem</type>
                    <uuids/>
                </item>
                <item>
                    <type>messageExecutor</type>
                    <uuids/>
                </item>
            </globalIdMap>
        </associatedApplications>
    </application>
    <roleMap>
        <contentRoleMap public="true">
            <role inherit="false" allowForAll="false" name="readers">
                <users/>
                <groups>
                    <groupUuid>35e45a39-b19d-4992-8d42-4b2e0325720c</groupUuid>
                </groups>
            </role>
            <role inherit="false" allowForAll="false" name="authors">
                <users/>
                <groups/>
            </role>
            <role inherit="false" allowForAll="false" name="administrators">
                <users/>
                <groups>
                    <groupUuid>cd3906fc-e964-4896-9380-0d405ed0f672</groupUuid>
                </groups>
            </role>
            <role inherit="false" allowForAll="false" name="denyReaders">
                <users/>
                <groups/>
            </role>
            <role inherit="false" allowForAll="false" name="denyAuthors">
                <users/>
                <groups/>
            </role>
            <role inherit="false" allowForAll="false" name="denyAdministrators">
                <users/>
                <groups/>
            </role>
        </contentRoleMap>
    </roleMap>
    <defaultApplicationObjects>
        <object>
            <objectKey>defaultAdminsGroup</objectKey>
            <objectType>group</objectType>
            <objectUuid>cd3906fc-e964-4896-9380-0d405ed0f672</objectUuid>
        </object>
        <object>
            <objectKey>defaultUsersGroup</objectKey>
            <objectType>group</objectType>
            <objectUuid>35e45a39-b19d-4992-8d42-4b2e0325720c</objectUuid>
        </object>
    </defaultApplicationObjects>
    <applicationDocumentation/>
    <history>
        <historyInfo versionUuid="84a9c7dd-79cd-4e41-bdd2-6fddc6a1790e"/>
        <historyInfo versionUuid="_a-0000e9aa-6069-8000-9c0d-011c48011c48_3625388"/>
    </history>
    <postDeploymentProcessData/>
    <requirementsCaptureB64 xmlns:xsi="http://www.w3.org/2001/XMLSchema-instance" xsi:nil="true"/>
</applicationHaul>
