<?xml version="1.0" encoding="UTF-8"?>
<siteHaul xmlns:a="http://www.appian.com/ae/types/2009" xmlns:xsi="http://www.w3.org/2001/XMLSchema-instance">
  <versionUuid>e2faaae9-f60a-4156-8bf0-4ad6188871a8</versionUuid>
  <site a:uuid="d7c69c30-a96e-4235-a335-b96862170273" name="XRPS Rock Paper Scissors">
    <description/>
    <urlStub>xrps-rock-paper-scissor-game</urlStub>
    <page a:uuid="27befb2f-46ac-3cc8-a9aa-3a293414e61b">
      <staticName>ROCK PAPER SCISSOR GAME</staticName>
      <description/>
      <urlStub>rock-paper-scissor-game</urlStub>
      <uiObject a:uuid="_a-0000e98e-6e56-8000-9c0b-011c48011c48_3547577" xsi:type="a:ContentFreeformRule"/>
      <iconId>f11b</iconId>
      <visibilityExpr>fn!true()</visibilityExpr>
      <pageWidth>WIDE</pageWidth>
      <areUrlParamsEncrypted>true</areUrlParamsEncrypted>
      <autoContextUpdateEnabled>false</autoContextUpdateEnabled>
    </page>
    <visibility>268435456</visibility>
    <faviconRef a:uuid="SYSTEM_CONTENT_SITES_DEFAULT_FAVICON" xsi:type="a:CollaborationDocument"/>
    <logoRef a:uuid="SYSTEM_CONTENT_SITES_DEFAULT_LOGO" xsi:type="a:CollaborationDocument"/>
    <showName>false</showName>
    <tempoLinkVisibility>HIDDEN</tempoLinkVisibility>
    <showRecordNews>true</showRecordNews>
    <tasksInSitesVisibility>HIDDEN</tasksInSitesVisibility>
    <buttonShape>SQUARED</buttonShape>
    <navigationBarStyle>STYLE1</navigationBarStyle>
    <inputShape>SQUARED</inputShape>
    <isSystem>false</isSystem>
    <displayName>XRPS Rock Paper Scissor Game</displayName>
    <isStaticDisplayName>true</isStaticDisplayName>
    <nameExprIsEvaluable>true</nameExprIsEvaluable>
    <primaryNavLayoutType>TOPBAR</primaryNavLayoutType>
    <buttonLabelCase>UPPERCASE</buttonLabelCase>
    <dialogShape>SQUARED</dialogShape>
  </site>
  <roleMap>
    <role name="site_administrator">
      <users/>
      <groups>
        <groupUuid>cd3906fc-e964-4896-9380-0d405ed0f672</groupUuid>
      </groups>
    </role>
    <role name="site_viewer">
      <users/>
      <groups>
        <groupUuid>35e45a39-b19d-4992-8d42-4b2e0325720c</groupUuid>
      </groups>
    </role>
  </roleMap>
  <history>
    <historyInfo versionUuid="e2faaae9-f60a-4156-8bf0-4ad6188871a8"/>
  </history>
</siteHaul>
