<?xml version="1.0" encoding="UTF-8" standalone="yes"?>
<contentHaul xmlns:a="http://www.appian.com/ae/types/2009">
    <versionUuid>_a-0000e98e-6e56-8000-9c0b-011c48011c48_3547621</versionUuid>
    <decision>
        <name>XRPS_computerResponse</name>
        <uuid>9c236011-01ca-4ce9-ba85-8ae272177bbd</uuid>
        <description></description>
        <parentUuid>7586e5f5-5c3f-4f74-a490-e9d40b549870</parentUuid>
        <visibility>
            <advertise>false</advertise>
            <hierarchy>true</hierarchy>
            <indexable>true</indexable>
            <quota>false</quota>
            <searchable>true</searchable>
            <system>false</system>
            <unlogged>false</unlogged>
        </visibility>
        <definition>fn!override_exception_appian_internal(fn!with(local!decisiondefinition: a!decisiondesigner_cache(uuid: "9c236011-01ca-4ce9-ba85-8ae272177bbd",versionKey: "b11e1227-960c-4445-9d07-97808f6340b4",value: #"SYSTEM_SYSRULES_dd_dd"('hitPolicy': #"SYSTEM_SYSRULES_dd_dhp"("UNIQUE"), 'inputs': {#"SYSTEM_SYSRULES_dd_di"('name': "num", 'type': 'type!{http://www.appian.com/ae/types/2009}Integer', 'id': 1, 'restrictionType': #"SYSTEM_SYSRULES_dd_dirt"("NONE"))}, 'outputs': {#"SYSTEM_SYSRULES_dd_do"('id': 1, 'name': "value", 'type': 'type!{http://www.appian.com/ae/types/2009}Text', 'restrictionType': #"SYSTEM_SYSRULES_dd_dort"("NONE"), 'returnListType': false)}, 'rules': {#"SYSTEM_SYSRULES_dd_dr"('id': 1, 'inputs': {#"SYSTEM_SYSRULES_dd_dri"('id': 1, 'decisionInputId': 1, 'operator': #"SYSTEM_SYSRULES_dd_dop"('operator': #"SYSTEM_SYSRULES_dd_dopt"("EQUALS"), 'value1': 1))}, 'outputs': {#"SYSTEM_SYSRULES_dd_dro"('id': 1, 'decisionOutputId': 1, 'value': "rock")}), #"SYSTEM_SYSRULES_dd_dr"('id': 2, 'inputs': {#"SYSTEM_SYSRULES_dd_dri"('id': 3, 'decisionInputId': 1, 'operator': #"SYSTEM_SYSRULES_dd_dop"('operator': #"SYSTEM_SYSRULES_dd_dopt"("EQUALS"), 'value1': 2))}, 'outputs': {#"SYSTEM_SYSRULES_dd_dro"('id': 2, 'decisionOutputId': 1, 'value': "paper")}), #"SYSTEM_SYSRULES_dd_dr"('id': 3, 'inputs': {#"SYSTEM_SYSRULES_dd_dri"('id': 5, 'decisionInputId': 1, 'operator': #"SYSTEM_SYSRULES_dd_dop"('operator': #"SYSTEM_SYSRULES_dd_dopt"("EQUALS"), 'value1': 3))}, 'outputs': {#"SYSTEM_SYSRULES_dd_dro"('id': 3, 'decisionOutputId': 1, 'value': "scissor")})}, 'isUnique': true, 'defaultOutputs': {#"SYSTEM_SYSRULES_dd_dro"('id': 1, 'decisionOutputId': 1)})),#"SYSTEM_SYSRULES_dd_exr"(decisionDefinition:local!decisiondefinition,executionInputs:{#"SYSTEM_SYSRULES_dd_dei"(decisionInputId:1,value:'ri!num')})))</definition>
        <namedTypedValue>
            <name>num</name>
            <type>
                <name>int</name>
                <namespace>http://www.w3.org/2001/XMLSchema</namespace>
            </type>
        </namedTypedValue>
        <preferredEditor>legacy</preferredEditor>
        <offlineEnabled>false</offlineEnabled>
        <outputMetadataList>
            <outputMetadata>
                <outputId>1</outputId>
                <nameRef>value</nameRef>
                <typeName>{http://www.appian.com/ae/types/2009}Text</typeName>
            </outputMetadata>
        </outputMetadataList>
        <hitPolicy>UNIQUE</hitPolicy>
    </decision>
    <roleMap public="true">
        <role inherit="true" allowForAll="false" name="readers">
            <users/>
            <groups/>
        </role>
        <role inherit="true" allowForAll="false" name="authors">
            <users/>
            <groups/>
        </role>
        <role inherit="true" allowForAll="false" name="administrators">
            <users/>
            <groups/>
        </role>
        <role inherit="false" allowForAll="false" name="denyReaders">
            <users/>
            <groups/>
        </role>
        <role inherit="false" allowForAll="false" name="denyAuthors">
            <users/>
            <groups/>
        </role>
        <role inherit="false" allowForAll="false" name="denyAdministrators">
            <users/>
            <groups/>
        </role>
    </roleMap>
    <history>
        <historyInfo versionUuid="_a-0000e98e-6e56-8000-9c0b-011c48011c48_3547621"/>
    </history>
</contentHaul>
