<?xml version="1.0" encoding="UTF-8" standalone="yes"?>
<contentHaul xmlns:a="http://www.appian.com/ae/types/2009">
    <versionUuid>_a-0000e98e-6e56-8000-9c0b-011c48011c48_3548482</versionUuid>
    <interface>
        <name>XRPS_rockPaperScissor</name>
        <uuid>_a-0000e98e-6e56-8000-9c0b-011c48011c48_3547577</uuid>
        <description></description>
        <parentUuid>7586e5f5-5c3f-4f74-a490-e9d40b549870</parentUuid>
        <visibility>
            <advertise>false</advertise>
            <hierarchy>true</hierarchy>
            <indexable>true</indexable>
            <quota>false</quota>
            <searchable>true</searchable>
            <system>false</system>
            <unlogged>false</unlogged>
        </visibility>
        <definition>a!localVariables(
  local!user,
  local!computer: a!refreshVariable(
    value: #"9c236011-01ca-4ce9-ba85-8ae272177bbd"(num: #"_a-0000e98e-6e56-8000-9c0b-011c48011c48_3547583"()),
    refreshAlways: true
  ),
  #"SYSTEM_SYSRULES_headerContentLayout"(
    header: {
      #"SYSTEM_SYSRULES_billboardLayout_v1"(
        backgroundMedia: #"SYSTEM_SYSRULES_documentImage"(
          document: #"_a-0000e98e-6e56-8000-9c0b-011c48011c48_3548282"
        ),
        backgroundColor: "#f0f0f0",
        marginBelow: "NONE",
        height: "TALL",
        /*overlay: a!barOverlay(contents: {})*/
      )
    },
    contents: {
      #"SYSTEM_SYSRULES_cardLayout"(
        contents: {
          #"SYSTEM_SYSRULES_columnsLayout"(
            columns: {
              #"SYSTEM_SYSRULES_columnLayout"(contents: {}),
              #"SYSTEM_SYSRULES_columnLayout"(
                contents: {
                  #"SYSTEM_SYSRULES_imageField_v1"(
                    label: "User",
                    labelPosition: "ABOVE",
                    images: {
                      if(
                        isnull(local!user),
                        #"SYSTEM_SYSRULES_documentImage"(document: #"_a-0000e98e-6e56-8000-9c0b-011c48011c48_3547634"),
                        #"SYSTEM_SYSRULES_documentImage"(
                          document: #"b2b3d363-4613-4709-941b-5e6fe1d8c2a3"(value: local!user)
                        )
                      )
                    },
                    size: "LARGE",
                    isThumbnail: true,
                    style: "AVATAR",
                    align: "CENTER"
                  )
                }
              ),
              #"SYSTEM_SYSRULES_columnLayout"(
                contents: {
                  #"SYSTEM_SYSRULES_richTextDisplayField"(
                    labelPosition: "COLLAPSED",
                    value: {
                      #"SYSTEM_SYSRULES_richTextItem_v1"(
                        text: #"cc476bcf-35b2-4ca7-90cd-c9a8ca37d12f"(
                          user: local!user,
                          computer: local!computer
                        ).result,
                        color: if(
                          #"cc476bcf-35b2-4ca7-90cd-c9a8ca37d12f"(
                            user: local!user,
                            computer: local!computer
                          ).score &gt; 0,
                          "POSITIVE",
                          "NEGATIVE"
                        ),
                        size: "MEDIUM_PLUS",
                        style: "STRONG"
                      )
                    },
                    showWhen: not(isnull(local!user))
                  )
                }
              ),
              #"SYSTEM_SYSRULES_columnLayout"(
                contents: {
                  #"SYSTEM_SYSRULES_imageField_v1"(
                    label: "Computer",
                    labelPosition: "ABOVE",
                    images: {
                      if(
                        isnull(local!user),
                        #"SYSTEM_SYSRULES_documentImage"(document: #"_a-0000e98e-6e56-8000-9c0b-011c48011c48_3547634"),
                        #"SYSTEM_SYSRULES_documentImage"(
                          document: #"_a-0000e98e-6e56-8000-9c0b-011c48011c48_3547712"(value: local!computer)
                        )
                      )
                    },
                    size: "LARGE",
                    isThumbnail: true,
                    style: "AVATAR",
                    align: "CENTER"
                  )
                }
              ),
              #"SYSTEM_SYSRULES_columnLayout"(contents: {})
            }
          )
        },
        height: "AUTO",
        style: "NONE",
        marginBelow: "STANDARD"
      ),
      #"SYSTEM_SYSRULES_cardLayout"(
        contents: {
          #"SYSTEM_SYSRULES_columnsLayout"(
            columns: {
              #"SYSTEM_SYSRULES_columnLayout"(contents: {}),
              #"SYSTEM_SYSRULES_columnLayout"(
                contents: {
                  #"SYSTEM_SYSRULES_ButtonArrayLayout"(
                    buttons: {
                      #"SYSTEM_SYSRULES_ButtonWidget"(
                        label: "rock",
                        value: "rock",
                        saveInto: a!save(local!user, save!value),
                        style: "LINK"
                      ),
                      #"SYSTEM_SYSRULES_ButtonWidget"(
                        label: "paper",
                        value: "paper",
                        saveInto: a!save(local!user, save!value),
                        style: "LINK"
                      ),
                      #"SYSTEM_SYSRULES_ButtonWidget"(
                        label: "scissor",
                        value: "scissor",
                        saveInto: a!save(local!user, save!value),
                        style: "LINK"
                      )
                    },
                    align: "CENTER"
                  )
                }
              ),
              #"SYSTEM_SYSRULES_columnLayout"(contents: {})
            }
          )
        },
        height: "AUTO",
        style: "CHARCOAL_SCHEME",
        marginBelow: "STANDARD"
      )
    }
  )
)</definition>
        <preferredEditor>interface</preferredEditor>
        <offlineEnabled>false</offlineEnabled>
        <isCustom>false</isCustom>
    </interface>
    <roleMap public="true">
        <role inherit="true" allowForAll="false" name="readers">
            <users/>
            <groups/>
        </role>
        <role inherit="true" allowForAll="false" name="authors">
            <users/>
            <groups/>
        </role>
        <role inherit="true" allowForAll="false" name="administrators">
            <users/>
            <groups/>
        </role>
        <role inherit="false" allowForAll="false" name="denyReaders">
            <users/>
            <groups/>
        </role>
        <role inherit="false" allowForAll="false" name="denyAuthors">
            <users/>
            <groups/>
        </role>
        <role inherit="false" allowForAll="false" name="denyAdministrators">
            <users/>
            <groups/>
        </role>
    </roleMap>
    <history>
        <historyInfo versionUuid="_a-0000e98e-6e56-8000-9c0b-011c48011c48_3548482"/>
    </history>
</contentHaul>
