<?xml version="1.0" encoding="UTF-8" standalone="yes"?>
<contentHaul xmlns:a="http://www.appian.com/ae/types/2009">
    <versionUuid>_a-0000e9aa-6069-8000-9c0d-011c48011c48_3625394</versionUuid>
    <interface>
        <name>XRPS_test</name>
        <uuid>_a-0000e9aa-6069-8000-9c0d-011c48011c48_3625383</uuid>
        <description></description>
        <parentUuid>7586e5f5-5c3f-4f74-a490-e9d40b549870</parentUuid>
        <visibility>
            <advertise>false</advertise>
            <hierarchy>true</hierarchy>
            <indexable>true</indexable>
            <quota>false</quota>
            <searchable>true</searchable>
            <system>false</system>
            <unlogged>false</unlogged>
        </visibility>
        <definition>#"SYSTEM_SYSRULES_headerContentLayout"(
  header: {
    #"SYSTEM_SYSRULES_cardLayout"(
      contents: {
        #"SYSTEM_SYSRULES_radioButtonField"(
          label: "Radio Buttons",
          labelPosition: "ABOVE",
          choiceLabels: {"Option 1", "Option 2"},
          choiceValues: {1, 2},
          saveInto: {},
          choiceLayout: "STACKED",
          validations: {}
        )
      },
      height: "AUTO",
      style: "#666666",
      marginBelow: "NONE",
      showBorder: false
    )
  },
  contents: {
    #"SYSTEM_SYSRULES_columnsLayout"(
      columns: {
        #"SYSTEM_SYSRULES_columnLayout"(
          contents: {
            #"SYSTEM_SYSRULES_textField"(
              label: "Text",
              labelPosition: "ABOVE",
              saveInto: {},
              refreshAfter: "UNFOCUS",
              validations: {}
            ),
            #"SYSTEM_SYSRULES_textField"(
              label: "Text",
              labelPosition: "ABOVE",
              saveInto: {},
              refreshAfter: "UNFOCUS",
              validations: {}
            )
          }
        ),
        #"SYSTEM_SYSRULES_columnLayout"(
          contents: {
            #"SYSTEM_SYSRULES_integerField"(
              label: "Integer",
              labelPosition: "ABOVE",
              saveInto: {},
              refreshAfter: "UNFOCUS",
              validations: {}
            )
          }
        ),
        #"SYSTEM_SYSRULES_columnLayout"(
          contents: {
            #"SYSTEM_SYSRULES_signatureField"(
              labelPosition: "COLLAPSED",
              saveInto: {}
            )
          }
        )
      }
    ),
    #"SYSTEM_SYSRULES_dateField"(
      label: "Date",
      labelPosition: "ABOVE",
      saveInto: {},
      validations: {}
    )
  }
)</definition>
        <preferredEditor>interface</preferredEditor>
        <offlineEnabled>false</offlineEnabled>
        <isCustom>false</isCustom>
    </interface>
    <roleMap public="true">
        <role inherit="true" allowForAll="false" name="readers">
            <users/>
            <groups/>
        </role>
        <role inherit="true" allowForAll="false" name="authors">
            <users/>
            <groups/>
        </role>
        <role inherit="true" allowForAll="false" name="administrators">
            <users/>
            <groups/>
        </role>
        <role inherit="false" allowForAll="false" name="denyReaders">
            <users/>
            <groups/>
        </role>
        <role inherit="false" allowForAll="false" name="denyAuthors">
            <users/>
            <groups/>
        </role>
        <role inherit="false" allowForAll="false" name="denyAdministrators">
            <users/>
            <groups/>
        </role>
    </roleMap>
    <history>
        <historyInfo versionUuid="_a-0000e9aa-6069-8000-9c0d-011c48011c48_3625394"/>
    </history>
</contentHaul>
