<?xml version="1.0" encoding="UTF-8" standalone="yes"?>
<contentHaul xmlns:a="http://www.appian.com/ae/types/2009">
    <versionUuid>_a-0000e98e-6e56-8000-9c0b-011c48011c48_3547812</versionUuid>
    <decision>
        <name>XRPS_showResult</name>
        <uuid>cc476bcf-35b2-4ca7-90cd-c9a8ca37d12f</uuid>
        <description></description>
        <parentUuid>7586e5f5-5c3f-4f74-a490-e9d40b549870</parentUuid>
        <visibility>
            <advertise>false</advertise>
            <hierarchy>true</hierarchy>
            <indexable>true</indexable>
            <quota>false</quota>
            <searchable>true</searchable>
            <system>false</system>
            <unlogged>false</unlogged>
        </visibility>
        <definition>fn!override_exception_appian_internal(fn!with(local!decisiondefinition: a!decisiondesigner_cache(uuid: "cc476bcf-35b2-4ca7-90cd-c9a8ca37d12f",versionKey: "4251b917-67d3-4fbb-a606-e6a2eb73b51d",value: #"SYSTEM_SYSRULES_dd_dd"('hitPolicy': #"SYSTEM_SYSRULES_dd_dhp"("UNIQUE"), 'inputs': {#"SYSTEM_SYSRULES_dd_di"('name': "user", 'type': 'type!{http://www.appian.com/ae/types/2009}Text', 'id': 1, 'restrictionType': #"SYSTEM_SYSRULES_dd_dirt"("NONE")), #"SYSTEM_SYSRULES_dd_di"('name': "computer", 'type': 'type!{http://www.appian.com/ae/types/2009}Text', 'id': 2, 'restrictionType': #"SYSTEM_SYSRULES_dd_dirt"("NONE"))}, 'outputs': {#"SYSTEM_SYSRULES_dd_do"('id': 1, 'name': "result", 'type': 'type!{http://www.appian.com/ae/types/2009}Text', 'restrictionType': #"SYSTEM_SYSRULES_dd_dort"("NONE"), 'returnListType': false), #"SYSTEM_SYSRULES_dd_do"('id': 2, 'name': "score", 'type': 'type!{http://www.appian.com/ae/types/2009}Integer', 'restrictionType': #"SYSTEM_SYSRULES_dd_dort"("NONE"), 'returnListType': false)}, 'rules': {#"SYSTEM_SYSRULES_dd_dr"('id': 1, 'inputs': {#"SYSTEM_SYSRULES_dd_dri"('id': 1, 'decisionInputId': 1, 'operator': #"SYSTEM_SYSRULES_dd_dop"('operator': #"SYSTEM_SYSRULES_dd_dopt"("EQUALS"), 'value1': "rock")), #"SYSTEM_SYSRULES_dd_dri"('id': 2, 'decisionInputId': 2, 'operator': #"SYSTEM_SYSRULES_dd_dop"('operator': #"SYSTEM_SYSRULES_dd_dopt"("EQUALS"), 'value1': "paper"))}, 'outputs': {#"SYSTEM_SYSRULES_dd_dro"('id': 1, 'decisionOutputId': 1, 'value': "You Lose! Paper Covers Rock"), #"SYSTEM_SYSRULES_dd_dro"('id': 7, 'decisionOutputId': 2, 'value': 0)}), #"SYSTEM_SYSRULES_dd_dr"('id': 2, 'inputs': {#"SYSTEM_SYSRULES_dd_dri"('id': 3, 'decisionInputId': 1, 'operator': #"SYSTEM_SYSRULES_dd_dop"('operator': #"SYSTEM_SYSRULES_dd_dopt"("EQUALS"), 'value1': "rock")), #"SYSTEM_SYSRULES_dd_dri"('id': 4, 'decisionInputId': 2, 'operator': #"SYSTEM_SYSRULES_dd_dop"('operator': #"SYSTEM_SYSRULES_dd_dopt"("EQUALS"), 'value1': "scissor"))}, 'outputs': {#"SYSTEM_SYSRULES_dd_dro"('id': 2, 'decisionOutputId': 1, 'value': "You Win! Rock Smashes Scissors"), #"SYSTEM_SYSRULES_dd_dro"('id': 8, 'decisionOutputId': 2, 'value': 1)}), #"SYSTEM_SYSRULES_dd_dr"('id': 3, 'inputs': {#"SYSTEM_SYSRULES_dd_dri"('id': 5, 'decisionInputId': 1, 'operator': #"SYSTEM_SYSRULES_dd_dop"('operator': #"SYSTEM_SYSRULES_dd_dopt"("EQUALS"), 'value1': "paper")), #"SYSTEM_SYSRULES_dd_dri"('id': 6, 'decisionInputId': 2, 'operator': #"SYSTEM_SYSRULES_dd_dop"('operator': #"SYSTEM_SYSRULES_dd_dopt"("EQUALS"), 'value1': "scissor"))}, 'outputs': {#"SYSTEM_SYSRULES_dd_dro"('id': 3, 'decisionOutputId': 1, 'value': "You Lose! Scissor Cuts Paper"), #"SYSTEM_SYSRULES_dd_dro"('id': 9, 'decisionOutputId': 2, 'value': 0)}), #"SYSTEM_SYSRULES_dd_dr"('id': 4, 'inputs': {#"SYSTEM_SYSRULES_dd_dri"('id': 7, 'decisionInputId': 1, 'operator': #"SYSTEM_SYSRULES_dd_dop"('operator': #"SYSTEM_SYSRULES_dd_dopt"("EQUALS"), 'value1': "paper")), #"SYSTEM_SYSRULES_dd_dri"('id': 8, 'decisionInputId': 2, 'operator': #"SYSTEM_SYSRULES_dd_dop"('operator': #"SYSTEM_SYSRULES_dd_dopt"("EQUALS"), 'value1': "rock"))}, 'outputs': {#"SYSTEM_SYSRULES_dd_dro"('id': 4, 'decisionOutputId': 1, 'value': "You Win! Paper Covers Rock"), #"SYSTEM_SYSRULES_dd_dro"('id': 10, 'decisionOutputId': 2, 'value': 1)}), #"SYSTEM_SYSRULES_dd_dr"('id': 5, 'inputs': {#"SYSTEM_SYSRULES_dd_dri"('id': 9, 'decisionInputId': 1, 'operator': #"SYSTEM_SYSRULES_dd_dop"('operator': #"SYSTEM_SYSRULES_dd_dopt"("EQUALS"), 'value1': "scissor")), #"SYSTEM_SYSRULES_dd_dri"('id': 10, 'decisionInputId': 2, 'operator': #"SYSTEM_SYSRULES_dd_dop"('operator': #"SYSTEM_SYSRULES_dd_dopt"("EQUALS"), 'value1': "rock"))}, 'outputs': {#"SYSTEM_SYSRULES_dd_dro"('id': 5, 'decisionOutputId': 1, 'value': "You Lose! Rock Smashes Scissors"), #"SYSTEM_SYSRULES_dd_dro"('id': 11, 'decisionOutputId': 2, 'value': 0)}), #"SYSTEM_SYSRULES_dd_dr"('id': 6, 'inputs': {#"SYSTEM_SYSRULES_dd_dri"('id': 11, 'decisionInputId': 1, 'operator': #"SYSTEM_SYSRULES_dd_dop"('operator': #"SYSTEM_SYSRULES_dd_dopt"("EQUALS"), 'value1': "scissor")), #"SYSTEM_SYSRULES_dd_dri"('id': 12, 'decisionInputId': 2, 'operator': #"SYSTEM_SYSRULES_dd_dop"('operator': #"SYSTEM_SYSRULES_dd_dopt"("EQUALS"), 'value1': "paper"))}, 'outputs': {#"SYSTEM_SYSRULES_dd_dro"('id': 6, 'decisionOutputId': 1, 'value': "You Win! Scissor Cuts Paper"), #"SYSTEM_SYSRULES_dd_dro"('id': 12, 'decisionOutputId': 2, 'value': 1)})}, 'isUnique': true, 'defaultOutputs': {#"SYSTEM_SYSRULES_dd_dro"('id': 1, 'decisionOutputId': 1, 'value': "DRAW. GO AGAIN"), #"SYSTEM_SYSRULES_dd_dro"('id': 2, 'decisionOutputId': 2, 'value': 1)})),#"SYSTEM_SYSRULES_dd_exr"(decisionDefinition:local!decisiondefinition,executionInputs:{#"SYSTEM_SYSRULES_dd_dei"(decisionInputId:1,value:'ri!user'),#"SYSTEM_SYSRULES_dd_dei"(decisionInputId:2,value:'ri!computer')})))</definition>
        <namedTypedValue>
            <name>user</name>
            <type>
                <name>string</name>
                <namespace>http://www.w3.org/2001/XMLSchema</namespace>
            </type>
            <value/>
        </namedTypedValue>
        <namedTypedValue>
            <name>computer</name>
            <type>
                <name>string</name>
                <namespace>http://www.w3.org/2001/XMLSchema</namespace>
            </type>
            <value/>
        </namedTypedValue>
        <preferredEditor>legacy</preferredEditor>
        <offlineEnabled>false</offlineEnabled>
        <outputMetadataList>
            <outputMetadata>
                <outputId>1</outputId>
                <nameRef>result</nameRef>
                <typeName>{http://www.appian.com/ae/types/2009}Text</typeName>
            </outputMetadata>
            <outputMetadata>
                <outputId>2</outputId>
                <nameRef>score</nameRef>
                <typeName>{http://www.appian.com/ae/types/2009}Integer</typeName>
            </outputMetadata>
        </outputMetadataList>
        <hitPolicy>UNIQUE</hitPolicy>
    </decision>
    <roleMap public="true">
        <role inherit="true" allowForAll="false" name="readers">
            <users/>
            <groups/>
        </role>
        <role inherit="true" allowForAll="false" name="authors">
            <users/>
            <groups/>
        </role>
        <role inherit="true" allowForAll="false" name="administrators">
            <users/>
            <groups/>
        </role>
        <role inherit="false" allowForAll="false" name="denyReaders">
            <users/>
            <groups/>
        </role>
        <role inherit="false" allowForAll="false" name="denyAuthors">
            <users/>
            <groups/>
        </role>
        <role inherit="false" allowForAll="false" name="denyAdministrators">
            <users/>
            <groups/>
        </role>
    </roleMap>
    <history>
        <historyInfo versionUuid="_a-0000e98e-6e56-8000-9c0b-011c48011c48_3547812"/>
    </history>
</contentHaul>
