<?xml version="1.0" encoding="UTF-8" standalone="yes"?>
<processModelFolderHaul xmlns:a="http://www.appian.com/ae/types/2009">
    <versionUuid>e45164e3-cc85-46d7-82ff-54a8937a471a</versionUuid>
    <processModelFolder>
        <name>XRPS Process Models</name>
        <uuid>39acd538-aed1-4857-a18a-52cec8033af5</uuid>
        <description>Stores process models for the application</description>
    </processModelFolder>
    <roleMap>
        <role name="ADMIN_OWNER">
            <users/>
            <groups>
                <groupUuid>cd3906fc-e964-4896-9380-0d405ed0f672</groupUuid>
            </groups>
        </role>
        <role name="EDITOR">
            <users/>
            <groups/>
        </role>
        <role name="EXPLICIT_NONMEMBER">
            <users/>
            <groups/>
        </role>
        <role name="VIEWER">
            <users/>
            <groups>
                <groupUuid>35e45a39-b19d-4992-8d42-4b2e0325720c</groupUuid>
            </groups>
        </role>
        <role name="MANAGER">
            <users/>
            <groups/>
        </role>
        <role name="INITIATOR">
            <users/>
            <groups/>
        </role>
    </roleMap>
    <history>
        <historyInfo versionUuid="e45164e3-cc85-46d7-82ff-54a8937a471a"/>
    </history>
</processModelFolderHaul>
